Sr,Name,Total Volume (cft),Branch
1,Ad/43/2021,205.01,Zhemgang Unit
2,KKFMU/23/2021 (b),86.69,Khaling Kharungla Unit
3,O/56/2021,0,Changkhaphu Unit
4,KD/122/2020,722.05,Khotokha Unit
5,KEA/65/2020,860.21,Zhemgang Unit
6,Adhoc/Dfmu/28,147.56,Dongdeychu Unit
7,su/01/2022,180.6,Samtse Unit
8,UK/244/2021,462.75,Karshong Unit
9,UK/245/2021,58.13,Karshong Unit
10,UK/215/2021,354.88,Karshong Unit
11,MTD/182/2021,1090.05,Lingmethang Unit
12,KFMU/02/2022,149.62,Korilla Unit
13,UK/39/2019(E),256.62,Changkhaphu Unit
14,O/29/2019(A),1495.61,Changkhaphu Unit
15,O/07/2020(A),1256.892283,Changkhaphu Unit
16,O/10/2019(B),731.35,Changkhaphu Unit
17,O/71/2020,367.11,Changkhaphu Unit
18,O/162/19(B0,82.58,Changkhaphu Unit
19,O/120/19,39358,Changkhaphu Unit
20,O/18/2019,321.22,Changkhaphu Unit
21,O/168/19(A),1442.35,Changkhaphu Unit
22,O/124/19,92.63,Changkhaphu Unit
23,O/48/2019,1488.7,Changkhaphu Unit
24,O/64/2021,375.43,Changkhaphu Unit
25,O/77/2021,688.65,Changkhaphu Unit
26,O/115/19,358.7,Changkhaphu Unit
27,O/104/2020,1112.445014,Changkhaphu Unit
28,UK/38/2019(E),602.77,Changkhaphu Unit
29,O/190/2019,416.93,Changkhaphu Unit
30,O/144/2019,337.2,Changkhaphu Unit
31,O/102/2021,285.9,Changkhaphu Unit
32,o/93/2019,461.3,Changkhaphu Unit
33,O/150/19,625.68,Changkhaphu Unit
34,O/103/2020,984.123212,Changkhaphu Unit
35,O/94/19(A),102.75,Changkhaphu Unit
36,O/99/2020,948.095117,Changkhaphu Unit
37,O/154/2019(A),149.99,Changkhaphu Unit
38,UK/38/2019(F),666.33,Changkhaphu Unit
39,O/183/2019,435.21,Changkhaphu Unit
40,0/56/2019-1,423.87,Changkhaphu Unit
41,UK/34/2019(A),171.29,Changkhaphu Unit
42,O/69/2019,272.33,Changkhaphu Unit
43,O/112/19-1,298,Changkhaphu Unit
44,UK/43/2019(D),554.31,Changkhaphu Unit
45,O/111/2020,113.87,Changkhaphu Unit
46,O/196/2019(B),557.87,Changkhaphu Unit
47,UK/34/2019(C),213.91,Changkhaphu Unit
48,O/136/19-1,935.95,Changkhaphu Unit
49,o/92/2019,801.65,Changkhaphu Unit
50,O/03/2019-1,327.03,Changkhaphu Unit
51,O/26/2020(A),243.404474,Changkhaphu Unit
52,UK/29/2019(C),483.38,Changkhaphu Unit
53,O/253/2018,627.86,Changkhaphu Unit
54,O/14/2019,362.46,Changkhaphu Unit
55,O/143/2019,453.99,Changkhaphu Unit
56,0/23/2019,305.28,Changkhaphu Unit
57,O/198/2019(B)-1,125.23,Changkhaphu Unit
58,O/169/19(A),329.78,Changkhaphu Unit
59,O/162/19,332.72,Changkhaphu Unit
60,O/17/2021,6.75,Changkhaphu Unit
61,O/06/2019,325.1,Changkhaphu Unit
62,O/140/2019,329.77,Changkhaphu Unit
63,O/196/19(B),0,Changkhaphu Unit
64,O/01/19,341.83,Changkhaphu Unit
65,O/104/19 (A),182.28,Changkhaphu Unit
66,O/51/2010(B),547.44,Changkhaphu Unit
67,O/24/2019-1,26.625257,Changkhaphu Unit
68,O/39/2019,838.39,Changkhaphu Unit
69,O/12/2019,331.09,Changkhaphu Unit
70,O/100/2020,1067.654568,Changkhaphu Unit
71,O/111/19(B)-1,451.54,Changkhaphu Unit
72,O/64/2019(B)-2,53.37,Changkhaphu Unit
73,O/09/2020,1024.186543,Changkhaphu Unit
74,O/123/2021,436.34,Changkhaphu Unit
75,O/63/2019,829.46,Changkhaphu Unit
76,O/21/2019,424.59,Changkhaphu Unit
77,O/148/19,411.94,Changkhaphu Unit
78,O/111//2018(B),150.17,Changkhaphu Unit
79,O/177/2019,360.77,Changkhaphu Unit
80,UK/34/2019(D),184.84,Changkhaphu Unit
81,0/05/2019,365,Changkhaphu Unit
82,O/112/19(B)-1,159.07,Changkhaphu Unit
83,O/158/19(A),361.18,Changkhaphu Unit
84,O/14/2021-1,336.9,Changkhaphu Unit
85,O/14/2021,325.5,Changkhaphu Unit
86,O/151/19(B),19.54,Changkhaphu Unit
87,O/101/2021(B),114.22,Changkhaphu Unit
88,O/27/2019(B),31.77,Changkhaphu Unit
89,O/45/2019,97363,Changkhaphu Unit
90,O/25/2020,437,Changkhaphu Unit
91,O/154/2019(B),360.09,Changkhaphu Unit
92,0/57/2019-1,335.72,Changkhaphu Unit
93,O/124/2020(A),1171.155419,Changkhaphu Unit
94,O/34/2019,1322.53,Changkhaphu Unit
95,O/145/19,430.22,Changkhaphu Unit
96,O/01/2020,319.93,Changkhaphu Unit
97,SD/02/2020(A)(,465.713212,Changkhaphu Unit
98,O/03/2020(A),541.33,Changkhaphu Unit
99,O/67/2019,518.84,Changkhaphu Unit
100,UK/38/2019(G),19.43,Changkhaphu Unit
101,o/96/2019,413.21,Changkhaphu Unit
102,O/17/2019,376.43,Changkhaphu Unit
103,O/27/2019,351.35,Changkhaphu Unit
104,O/166/19,652.92,Changkhaphu Unit
105,O/20/2019,304.72,Changkhaphu Unit
106,O/125/2020,0,Changkhaphu Unit
107,O/44/19,1312.15,Changkhaphu Unit
108,O/117/19,377.48,Changkhaphu Unit
109,O/141/2019,413.5,Changkhaphu Unit
110,TD/108/2019(A),437.11,Changkhaphu Unit
111,O/72/2019,744.57,Changkhaphu Unit
112,O/157/19,162.576538,Changkhaphu Unit
113,O/102/2021(B),244.1,Changkhaphu Unit
114,o/99/2019,425.9,Changkhaphu Unit
115,O/126/2020(A),723.24,Changkhaphu Unit
116,O/03/2019(C),277.77,Changkhaphu Unit
117,KD/66/2020(A)-1,756.62,Khotokha Unit
118,KD/66/2020(C),35.91,Khotokha Unit
119,KD/66/2020(B),279.92,Khotokha Unit
120,KD/66/2020(A),524.41,Khotokha Unit
121,KD/77/2019(C),10.35,Khotokha Unit
122,WFD/FPES-11/2019/500(D)-1,20.13,Changkhaphu Unit
123,WFD/FPES-11/2019/500(F)-1,13.92,Changkhaphu Unit
124,MTD/JS30/2021,9.67,Lingmethang Unit
125,MTD/JS39/2021,202.75,Lingmethang Unit
126,MTD/JS49/2021,49.15,Lingmethang Unit
127,MTD/JS44/2021,11.5,Lingmethang Unit
128,MTD/JS46/2021,31.81,Lingmethang Unit
129,MTD/JS33/2021-2,5.08,Lingmethang Unit
130,MTD/JS35/2021,105.71,Lingmethang Unit
131,MTD/JS21/2021,4.27,Lingmethang Unit
132,MTD/JS55/2021,96.81,Lingmethang Unit
133,MTD/JS22/2021,45.92,Lingmethang Unit
134,MTD/JS08/2021,9.42,Lingmethang Unit
135,MTD/JS31/2021,329,Lingmethang Unit
136,MTD/JS41/2021,9.03,Lingmethang Unit
137,MTD/JS52/2021,12,Lingmethang Unit
138,MTD/JS26/2021,13.19,Lingmethang Unit
139,MTD/JS15/2021,18.38,Lingmethang Unit
140,MTD/JS53/2021,3.97,Lingmethang Unit
141,MTD/JS06/2021,93.79,Lingmethang Unit
142,MTD/JS37/2021-1,3.04,Lingmethang Unit
143,MTD/JS40/2021,52.33,Lingmethang Unit
144,MTD/JS02/2021,445.14,Lingmethang Unit
145,MTD/JS18/2021,2.75,Lingmethang Unit
146,MTD/JS34/2021,87.63,Lingmethang Unit
147,MTD/JS12/2021,8.63,Lingmethang Unit
148,MTD/JS32/2021,18.16,Lingmethang Unit
149,MTD/JS48/2021,33.25,Lingmethang Unit
150,MTD/JS57/2021,2.97,Lingmethang Unit
151,MTD/JS25/2021,2.33,Lingmethang Unit
152,MTD/JS56/2021,2,Lingmethang Unit
153,MTD/JS11/2021,10.79,Lingmethang Unit
154,MTD/JS59/2021,7.34,Lingmethang Unit
155,MTD/JS24/2021,12.91,Lingmethang Unit
156,MTD/JS58/2021,3.19,Lingmethang Unit
157,MTD/JS09/2021,13.75,Lingmethang Unit
158,MTD/JS29/2021,10,Lingmethang Unit
159,MTD/JS51/2021,5,Lingmethang Unit
160,MTD/JS47/2021,134.67,Lingmethang Unit
161,MTD/JS10/2021,44.5,Lingmethang Unit
162,MTD/JS13/2021,42.21,Lingmethang Unit
163,MTD/JS54/2021,15.34,Lingmethang Unit
164,MTD/JS03/2021,21.79,Lingmethang Unit
165,MTD/JS42/2021,3.59,Lingmethang Unit
166,MTD/JS01/2021,70,Lingmethang Unit
167,MTD/JS20/2021,15.92,Lingmethang Unit
168,MTD/JS45/2021,27.28,Lingmethang Unit
169,MTD/JS28/2021,95.5,Lingmethang Unit
170,MTD/JS38/2021,1.33,Lingmethang Unit
171,MTD/JS27/2021,84,Lingmethang Unit
172,MTD/JS17/2021,138.17,Lingmethang Unit
173,MTD/JS36/2021,53.79,Lingmethang Unit
174,MTD/JS14/2021,11.25,Lingmethang Unit
175,MTD/JS05/2021,13.83,Lingmethang Unit
176,MTD/JS50/2021,3,Lingmethang Unit
177,MTD/JS43/2021,20.92,Lingmethang Unit
178,MTD/JS07/2021,30.13,Lingmethang Unit
179,KD/77/2019(A),4.52,Khotokha Unit
180,KD/85/2020,694.23,Khotokha Unit
181,KD/63/2020(A),1128.5,Khotokha Unit
182,KD/63/2020(B),64.47,Khotokha Unit
183,MTD/S-42/2022-1,18.42,Lingmethang Unit
184,MTD/S-42/2022,18.42,Lingmethang Unit
185,SD/83/2020,353.91,Wangdue
186,SD/81/2020,199.25,Wangdue
187,KD/87/2021,1013.06,Khotokha Unit
188,KD/92/2020,681.37,Khotokha Unit
189,TD/69/2019(C)-1,530.22,Changkhaphu Unit
190,TD/69/2019(C),530.22,Changkhaphu Unit
191,O/58/2021(A),75.6,Changkhaphu Unit
192,KD/82/2020,848.36,Khotokha Unit
193,KD/89/2020(B),310.02,Khotokha Unit
194,KD/89/2020,553.1,Khotokha Unit
195,SJD/05/2021,71.85,SamdrupJongkhar Unit
196,WSC/MC/22/12,197.79,Ramtokto
197,KKFMU/205/2021,798.8,Khaling Kharungla Unit
198,RFMU/01/2022,186.92,Rongmanchu Unit
199,UK/209/2021,1378.57,Karshong Unit
200,UK/208/2021,1319.48,Karshong Unit
201,UK/206/2021,1923.96,Karshong Unit
202,MTD/187/2021,437.77,Lingmethang Unit
203,KD/47/2020-4,514.09,Khotokha Unit
204,KD/47/2020-3,514.09,Khotokha Unit
205,KD/47/2020-2,514.09,Khotokha Unit
206,KD/99/2020(B)-2,143.34,Khotokha Unit
207,KD/99/2020(B)-1,143.34,Khotokha Unit
208,KD/104/2019(A)-3,1484.49,Khotokha Unit
209,TAP/26/2021-1,278.41,Tsirang Unit
210,LZ/28/2019 (Logs and Poles),41.34,Lhamozingkha Unit
211,D/29/2021,554.38,Gidakom Unit
212,UK/210/2021,1295.5,Karshong Unit
213,SR/102/2021,19.14,Samtse Unit
214,SR/97/2021,113.36,Samtse Unit
215,SR/133/2021,344.61,Samtse Unit
216,D/169/2020(A),66.86,Gidakom Unit
217,SCD/39/2021,543.33,SamdrupJongkhar Unit
218,KD/85/2021,1220.59,Khotokha Unit
219,TAP/26/2021,278.41,Tsirang Unit
220,WSC/MHW/21/929,204.93,Ramtokto
221,WSC/MC/21/936,2.75,Ramtokto
222,NTD/S15,166.12,Nganglam Unit
223,NTD/S8/2021,24.86,Nganglam Unit
224,NTD/S9/2021,60.31,Nganglam Unit
225,Ad-hoc/DFMU/2021,138.59,Dongdeychu Unit
226,Ad-hoc/20/2021,138,Dongdeychu Unit
227,Ad-hoc/DFMU/20,138.59,Dongdeychu Unit
228,WSC/CYP/21/297,19.71,Ramtokto
229,GPD/93/2020,453.94,Gogona Unit
230,GPD/148/2020-2,206.33,Gogona Unit
231,GPD/148/2020-1,206.33,Gogona Unit
232,GPD/148/2020,199.62,Gogona Unit
233,KEA/01/2021,7.29,Zhemgang Unit
234,GAP/31/2021-1,17.42,Gasa Unit
235,GAP/31/2021,17.42,Gasa Unit
236,KD/90/2021,1126.21,Khotokha Unit
237,SCD/37/2021,97.82,SamdrupJongkhar Unit
238,SCD/36/2021,106.51,SamdrupJongkhar Unit
239,Cd/34/2020,987.68,Dawathang Unit
240,Cd/29/2020,1213.75,Dawathang Unit
241,Cd/32/2020,1237.62,Dawathang Unit
242,WSC/BP/21/837,8.53,Ramtokto
243,TAP/25/2021,270.53,Tsirang Unit
244,O/63/19,829.46,Changkhaphu Unit
245,WSC/MC/21/832,0,Ramtokto
246,MTD/S345/2021,0,Lingmethang Unit
247,KFMU/38/2021,0,Korilla Unit
248,WSC/MC/21/814,48.69,Ramtokto
249,WSC/MC/21/-1,33.77,Ramtokto
250,WSC/MC/21/,33.77,Ramtokto
251,PDA/10/2021,661.9,Punakha Unit
252,MTD/144/2021,283.42,Lingmethang Unit
253,NTD/31/2019,203.31,Nganglam Unit
254,GPD/99/2020(A),515.84,Gogona Unit
255,KD/76/2021,446.86,Khotokha Unit
256,KD/11/2021(A)-1,223.23,Khotokha Unit
257,KD/48/2021,1288.35,Khotokha Unit
258,Ad-Yon/56/2019,758.88448,Khaling Kharungla Unit
259,Ad-Yon/53/19,1889.56763,Khaling Kharungla Unit
260,DFMU/19/2020,372.44,Dongdeychu Unit
261,GPD/24/2020,265.05,Gogona Unit
262,GPD/26/2020,510.9,Gogona Unit
263,GPD/108/2019 A,1733.28,Gogona Unit
264,DFMU/Ad-hoc/TG-04-1,15.18,Dongdeychu Unit
265,DFMU/Ad-hoc/TG-04,80.16,Dongdeychu Unit
266,UK/179/2021,130,Karshong Unit
267,WSC/Cypress/21/794,22.57,Ramtokto
268,GPD/28/2020,542.01,Gogona Unit
269,GPD/25/2020,542.36,Gogona Unit
270,MTD/326/2021,9.38,Lingmethang Unit
271,KD/56/2019(a)-2,713.36,Khotokha Unit
272,JTD/64/2020,890.94,Khotokha Unit
273,UK/177/2021,582.5,Karshong Unit
274,kkfmu/09/2021,694.66,Khaling Kharungla Unit
275,KKFMU/18(S2)/2021,16.67,Khaling Kharungla Unit
276,KKFMU/14(S1)/2022-1,33.33,Khaling Kharungla Unit
277,KKFMU/14(S1)/2022,13.33,Khaling Kharungla Unit
278,SR/104/2021,300,Samtse Unit
279,SR/44/2020,199.61,Samtse Unit
280,MTD/JS37/2021,4.38,Lingmethang Unit
281,MTD/JS33/2021-1,3.21,Lingmethang Unit
282,MTD/JS33/2021,5.08,Lingmethang Unit
283,WSC/MC/21/766-1,6.66,Ramtokto
284,WSC/MC/21/766,6.66,Ramtokto
285,CD/65/2019(A),592.7,Changkhaphu Unit
286,KD/47/2020-1,514.09,Khotokha Unit
287,KD/47/2020,379.17,Khotokha Unit
288,MTD/311/2021,12.5,Lingmethang Unit
289,WSC/MC/21//755,6.66,Ramtokto
290,WSC/MC/21/739-1,7.08,Ramtokto
291,WSC/MC/21/739,7.08,Ramtokto
292,MTD/309/2021,32.5,Lingmethang Unit
293,Ad-hoc/DFMU/24/2021,24.25,Dongdeychu Unit
294,Ad-hoc/DFMU/25/2021,0,Dongdeychu Unit
295,MTD/JS23/2021,121.42,Lingmethang Unit
296,SR/64/2021,1074.71,Samtse Unit
297,O/149/2021,107.2,Changkhaphu Unit
298,WSC/MC/21/708,16.97,Ramtokto
299,PTD/29/2021,90.23,Nganglam Unit
300,GPD/107/19 (A)-1,1267.66,Gogona Unit
301,GPD/107/19 (A),1267.66,Gogona Unit
302,SR/66/2021,176.2,Samtse Unit
303,SR/69/2021,1517.69,Samtse Unit
304,KD/104/2019(A)-2,1589.52,Khotokha Unit
305,Ad-hoc/10/21,529,Dongdeychu Unit
306,O/100/20219A)-1,211.41,Changkhaphu Unit
307,O/100/20219A),211.41,Changkhaphu Unit
308,KTD/S2/2021,10.79,Khengzor Unit
309,"Ad/21,2017",401.86,Zhemgang Unit
310,MTD/139/2021,458,Lingmethang Unit
311,MTD/132/2021(b),613.22,Lingmethang Unit
312,MTD/132/2021,1008.66,Lingmethang Unit
313,SD/22/2021,1237.7,Punakha Unit
314,SD/18/2021(B)-1,11.08,Punakha Unit
315,SD/18/2021(B),11.08,Punakha Unit
316,GPD/133/2020,1420.46,Gogona Unit
317,GPD/107/2019-1,1267.66,Gogona Unit
318,GPD/107/2019,1676.24,Gogona Unit
319,KD/99/2020(B),143.34,Khotokha Unit
320,O8-Na/2021,1591.49,Zonglela Unit
321,"Ad/10,2021",369.72,Zhemgang Unit
322,GPR/97/2021,78.11,Gelephu Unit
323,MTD/S298/2021,22.79,Lingmethang Unit
324,KKFMU/25/2020,868.52,Khaling Kharungla Unit
325,Bum-02-2021,841.08,Gelephu Unit
326,KD/123/2020-1,418.03,Khotokha Unit
327,KD/123/2020,418.03,Khotokha Unit
328,O/135/2021,73.83,Changkhaphu Unit
329,GPD/99/2020-1,515.84,Gogona Unit
330,GPD/99/2020,1666.25,Gogona Unit
331,WSC/MC/21/618,215.83,Ramtokto
332,Ad-hoc/DFMU/18/2021,119.68,Dongdeychu Unit
333,KD/64/2020(B),142.99,Khotokha Unit
334,KD/64/2020(A),518.64,Khotokha Unit
335,KD/115/2020,431.67,Khotokha Unit
336,KD/81/2020,513.45,Khotokha Unit
337,WSC/BP/21/611,3.53,Ramtokto
338,O/12-2,181.67,Changkhaphu Unit
339,O/12-1,181.67,Changkhaphu Unit
340,O/12,181.67,Changkhaphu Unit
341,KD/95/2020-1,583.27,Khotokha Unit
342,KD/95/2020,583.27,Khotokha Unit
343,SJD/48/2017,82.42,SamdrupJongkhar Unit
344,KD/63/2019-1,910.73,Khotokha Unit
345,MTD/S95/2021,2.33,Lingmethang Unit
346,MTD/S60/2021-1,13.43,Lingmethang Unit
347,MTD/S79/2021,28.67,Lingmethang Unit
348,MTD/S70/2021,93.96,Lingmethang Unit
349,MTD/S109/2021,5.45,Lingmethang Unit
350,MTD/S117/2021,8.17,Lingmethang Unit
351,MTD/S73/2021,150.78,Lingmethang Unit
352,MTD/S118/2021,152.54,Lingmethang Unit
353,KFMU/37/2016 (B)-1,140.16,Korilla Unit
354,KFMU/67/2017(B)-1,110.65,Korilla Unit
355,KFMU/38(A)2016-1(B),116.65,Korilla Unit
356,CT/01/2021,1399.17,Chendebji Unit
357,GD/2021/04,89.6,Gedu Unit
358,KD/104/2019(A)-1,1691.8,Khotokha Unit
359,KD/99/2020,884.03,Khotokha Unit
360,GPD/33/2020,537.1,Gogona Unit
361,PTD/13/2020(Teak),174.95,Phuntsholing Unit
362,GPR/71/2021,305.76,Gelephu Unit
363,SR/ 36/2021,240.68,Samtse Unit
364,SR/45/2021,298.79,Samtse Unit
365,D/156/2020 (A)-1,199.13,Gidakom Unit
366,D/86/2020,627.487345,Gidakom Unit
367,D/155/2020,723.536661,Gidakom Unit
368,GDP/27/21,409.5,Gogona Unit
369,Test-3,50,Khotokha Unit
370,KD/64/2021,845.38,Khotokha Unit
371,KD/66/2021,901.65,Khotokha Unit
372,KD/69/2021,488.83,Khotokha Unit
373,O/105/2021,120.08,Changkhaphu Unit
374,KD/64/2019(A),674.55,Khotokha Unit
375,WSC/MC/21/525-1,15,Ramtokto
376,WSC/MC/21/525,15,Ramtokto
377,WSC/BP/21/518,104.04,Ramtokto
378,SJD/43/2021.,140.32,SamdrupJongkhar Unit
379,KD/37/2021(A),568.83,Khotokha Unit
380,KD/25/2021(A)-2,456.95,Khotokha Unit
381,GPR/77/2021,540.23,Gelephu Unit
382,GPR/84/2021,448.58,Gelephu Unit
383,KD/59/2021,869.3,Khotokha Unit
384,KD/58/2021,793.71,Khotokha Unit
385,KKFMU/15/2020.,1225.25,Khaling Kharungla Unit
386,MTD/73/2021,36.4,Lingmethang Unit
387,D/156/2020 (A),267.649594,Gidakom Unit
388,D/49/2020,62.976083,Gidakom Unit
389,D/152/2020,363.85917,Gidakom Unit
390,D/190/2020,299.93,Gidakom Unit
391,D/40/2020,478.400274,Gidakom Unit
392,D/151/2020,209.337629,Gidakom Unit
393,"Ad/23(E),2020",71.23,Zhemgang Unit
394,MTD/S257/2021,11.83,Lingmethang Unit
395,UK/49/2021,1261.79,Karshong Unit
396,KD/104/2019(A),73.07,Khotokha Unit
397,KD/49/2021,100.61,Khotokha Unit
398,MTD/154/(A)/2020,979.07,Lingmethang Unit
399,KKFMU/07/2019,268.368001,Khaling Kharungla Unit
400,KKFMU/01/2019(c)-2,122.97,Khaling Kharungla Unit
401,KKFMJ/01/2019-C,108.6,Khaling Kharungla Unit
402,KD/116/2020(A),348.65,Khotokha Unit
403,WSC/MC/21/388-1,248.47,Ramtokto
404,WSC/MC/21/388,248.47,Ramtokto
405,CD/127/A/2019-1,515.3,Dawathang Unit
406,KD/76/2019(A),959.2,Khotokha Unit
407,KD/76/209(B),6.12,Khotokha Unit
408,CD/127/A/2019,515.3,Dawathang Unit
409,KD/11/2021(A),490.95,Khotokha Unit
410,KD/25/2021(A)-1,456.95,Khotokha Unit
411,CD/57/2018,1076.21,Dawathang Unit
412,KD/25/2021(A),550.56,Khotokha Unit
413,CD/95/2018,59.97,Dawathang Unit
414,CD/125/2019-2,515.3,Dawathang Unit
415,CD/125/2019-1,515.3,Dawathang Unit
416,CD/125/2019,1381.456266,Dawathang Unit
417,CPVT/14C/2018,639.78,Dawathang Unit
418,MTD/100/2021,577.99,Lingmethang Unit
419,WSC/BP/21/379,2,Ramtokto
420,WSC/MC/21/371,1489.01,Ramtokto
421,GAP/23/2021,211.56,Gasa Unit
422,KD/104/2019(B),1834.15,Khotokha Unit
423,WAD/08/2021,281.79,Wangdue
424,KD/08/2020(A)-1,688.83,Khotokha Unit
425,KD/08/2020,880.48,Khotokha Unit
426,UK/192/2020,972.77,Karshong Unit
427,GPD/06/2021,1090.68,Gogona Unit
428,GPD/09/2021-1,1090.68,Gogona Unit
429,GPD/09/2021,1090.68,Gogona Unit
430,SD/89/2020,225.52,Wangdue
431,GPR/65/2021,384.23,Gelephu Unit
432,MTD/101/2021,577.99,Lingmethang Unit
433,MTD/S218/2021,0.36,Lingmethang Unit
434,"Ad/13,2021",152.86,Zhemgang Unit
435,KD/44/2021,103.01,Khotokha Unit
436,KKFMU/17/2020 (b),341.52,Khaling Kharungla Unit
437,KFMU/14/2020-B,79.57,Khaling Kharungla Unit
438,KKFMU/20/2020 (b),412.93,Khaling Kharungla Unit
439,KKFMU/06/2020(b),584.55,Khaling Kharungla Unit
440,D/08/2021,850.4,Gidakom Unit
441,MTD/S223/2021,45.33,Lingmethang Unit
442,MTD/S219/2021,14.91,Lingmethang Unit
443,kkfmu/08/2021,572.44,Khaling Kharungla Unit
444,kkfmu/10/2021,131.35,Khaling Kharungla Unit
445,KKFMU/12/2020(b),336.25,Khaling Kharungla Unit
446,Adhoc/10 (C ) 2020-1,97.59,Zhemgang Unit
447,TD/179/2020,78.63,Rodungla Unit
448,Adhoc/10 (C ) 2020,97.59,Zhemgang Unit
449,"Ad/29,2020",21.55,Zhemgang Unit
450,"Ad/19,2021",436.26,Zhemgang Unit
451,"Ad/17,2021",32.91,Zhemgang Unit
452,UK/115/2021,1066.29,Karshong Unit
453,UK/108/2021,1520.86,Karshong Unit
454,UK/110/2019,953.52,Karshong Unit
455,UK/109/2019,3092.98,Karshong Unit
456,MTD/S216,40.96,Lingmethang Unit
457,"Ad/15,2021",173.43,Zhemgang Unit
458,RADH/15/2018-1,4602.4,Karshong Unit
459,DFMU/49/2019,54.2,Dongdeychu Unit
460,DFMU/23/2020,1071.94,Dongdeychu Unit
461,WSC/CUP/2021/268,184.75,Ramtokto
462,DFMU/10/2020 (b),154.22,Dongdeychu Unit
463,DFMU/10/2020 (a),65.03,Dongdeychu Unit
464,DFMU/10/2020,219.25,Dongdeychu Unit
465,SCD/16/2021,216.91,SamdrupJongkhar Unit
466,UK/96/2021,246.55,Karshong Unit
467,GAP/21/2021,35.81,Gasa Unit
468,TD/153/2020,2466.18,Rodungla Unit
469,MTD/S187,114.31,Lingmethang Unit
470,SR/75/2021,404.81,Samtse Unit
471,SR/73/2021,463.6,Samtse Unit
472,NTD/27/21,0,Nganglam Unit
473,SR/59/2021,0,Samtse Unit
474,SR/60/2021,0,Samtse Unit
475,D/184/2020,429.62,Gidakom Unit
476,"Adhoc/21,2021",190.87,Zhemgang Unit
477,"Ad/21,2021-2",83.9,Zhemgang Unit
478,"Ad/21,2021-1",83.9,Zhemgang Unit
479,KD/20/2019(B),14.01,Khotokha Unit
480,KD/03/2020-1,1164.66,Khotokha Unit
481,CT/36/2020-1,153.42,Chendebji Unit
482,CT/36/2020,153.42,Chendebji Unit
483,CT/05,84.48,Chendebji Unit
484,CT/03,390.26,Chendebji Unit
485,MTD/S170/2021,137.65,Lingmethang Unit
486,WFD/FPES-11/2019/500(F),13.92,Changkhaphu Unit
487,MTD/23/2021,1558.87,Lingmethang Unit
488,MTD/154/2020,1349.92,Lingmethang Unit
489,MTD/20/2021,1991.91,Lingmethang Unit
490,MTD/18(B)/2021,222.73,Lingmethang Unit
491,MTD/18/2021,352.52,Lingmethang Unit
492,KD/04/2020(A)-2,846.77,Khotokha Unit
493,KD/64/2019,1222.845333,Khotokha Unit
494,KEA/68/2020,209.51,Zhemgang Unit
495,MTD/S164/2021,22.08,Lingmethang Unit
496,GAP./06/2021,354.48,Gasa Unit
497,MTD/S160/2021,186.1,Lingmethang Unit
498,D/07/2021,391.48,Gidakom Unit
499,KD/30/2021,1252.34,Khotokha Unit
500,WFD/FPES-11/2019/500(D),20.13,Changkhaphu Unit
501,KD/116/2020,1478.61,Khotokha Unit
502,D/182/2020,369.55,Gidakom Unit
503,KD/04/2020(A)-1,1047.77,Khotokha Unit
504,"Ad/21,2021",114.8,Zhemgang Unit
505,KD/23/2020(A),1185.33,Khotokha Unit
506,PTD/14/2021,252.36,Nganglam Unit
507,KD/05/2020(A)-1,779.3,Khotokha Unit
508,Kkfmu/07/2021,289,Khaling Kharungla Unit
509,KKFMU/23/2020 (b),903.63,Khaling Kharungla Unit
510,Kkfmu/23(A)/2020-1,152.81,Khaling Kharungla Unit
511,Kkfmu/23(A)/2020,152.81,Khaling Kharungla Unit
512,"Ad/07,2018-2",47.27,Chendebji Unit
513,KD/03/2020,1205.1,Khotokha Unit
514,KKFMU/07/2020 (b),64.71,Khaling Kharungla Unit
515,KD/08/2020(A),717.16,Khotokha Unit
516,KD/05/2020(A),1021.18,Khotokha Unit
517,KD/04/2020(A),1213.99,Khotokha Unit
518,KKFMU/17/2020,535.76,Khaling Kharungla Unit
519,KKFMU/18/2020 (B),549.46,Khaling Kharungla Unit
520,KD/03/2020(A),228.43,Khotokha Unit
521,SJD/28/2021,97.96,SamdrupJongkhar Unit
522,NTD/5/2021,54.49,Nganglam Unit
523,SCD/12/2021,879.65,SamdrupJongkhar Unit
524,NTD/2/21,84.2,Nganglam Unit
525,UK/34/2019(B),685.31,Changkhaphu Unit
526,GPR/24/2021,25.25,Gelephu Unit
527,GPR/23/2021,82.89,Gelephu Unit
528,WSC/BP/21/135-2,13.19,Ramtokto
529,WSC/BP/21/135-1,13.19,Ramtokto
530,WSC/BP/21/135,13.19,Ramtokto
531,KKFMU/23/2020,1001.17,Khaling Kharungla Unit
532,KKFMU/16/2020 (c),667.2,Khaling Kharungla Unit
533,KKFMU/23/2020 (a),93.54,Khaling Kharungla Unit
534,KKFMU/16/2020-C,403.74,Khaling Kharungla Unit
535,JTD/09/2021,232.96,SamdrupJongkhar Unit
536,JTD/10/2021,688.74,SamdrupJongkhar Unit
537,WSC/MC/2021/130,8.83,Ramtokto
538,DFMU/23/2020 (F),986.46,Dongdeychu Unit
539,DFMU/12/2020,3553.67,Dongdeychu Unit
540,Adhoc/05/2018,1200,Zhemgang Unit
541,O/116/2020,955.75,Changkhaphu Unit
542,KD/08/2021,1360.88,Khotokha Unit
543,KD/25/2021,1191.92,Khotokha Unit
544,KKFMU/20/2020,434.48,Khaling Kharungla Unit
545,KKFMU/09/2020-1,232.92,Khaling Kharungla Unit
546,KD/23/2020,1666.43,Khotokha Unit
547,SD/12/2021,89.26,Wangdue
548,WSC/MC/21/109,3.01,Ramtokto
549,Ad-hoc/23/(E) 2020,19,Zhemgang Unit
550,O/131/2020,249.71,Changkhaphu Unit
551,O/132/2020,178.22,Changkhaphu Unit
552,Adhoc / 05'2019,1200,Zhemgang Unit
553,LZ/10/2020-2,56.27,Lhamozingkha Unit
554,LZ/10/2020-1,56.27,Lhamozingkha Unit
555,KD/19/2021,576.53,Khotokha Unit
556,KD/18/2021,1497.98,Khotokha Unit
557,RFMU/08/2021,64.3,Rongmanchu Unit
558,RFMU/02/2019(B),5.25,Rongmanchu Unit
559,KD/20/2021,450.45,Khotokha Unit
560,KKFMU/08/2020 (a),80.81,Khaling Kharungla Unit
561,KKFMU/08/2020,116.07,Khaling Kharungla Unit
562,KD/120/2020(A),836.67,Khotokha Unit
563,KD/06/2021-1,959.06,Khotokha Unit
564,KD/06/2021,1427.11,Khotokha Unit
565,PDA/04/2021,79.77,Punakha Unit
566,Ad-hoc/10/ ( E ) 2020,382.61,Zhemgang Unit
567,UK/45/2019(A),655.02,Changkhaphu Unit
568,KKFMU/07/2020,155.23,Khaling Kharungla Unit
569,TDA/20/2019-1,1098.48,Rodungla Unit
570,TD/110/2018-1,1306.08,Rodungla Unit
571,TDA/02/2019-2,1635.24,Rodungla Unit
572,TDA/09/19-1,1287.43,Rodungla Unit
573,TD/105/2018-1,862.41,Rodungla Unit
574,TD/119/2018-1,1016.96,Rodungla Unit
575,TD/182/2018,1621.87,Rodungla Unit
576,LZ/01/2020(Logs),576.62581,Lhamozingkha Unit
577,DFMU/ad-hoc/02,18.05,Dongdeychu Unit
578,NTD/03/2021,310.29,Nganglam Unit
579,D/154/2020,329.533699,Gidakom Unit
580,SCD/01/2021-3,433.57,SamdrupJongkhar Unit
581,KKFMU/16/2020 (b),823.97,Khaling Kharungla Unit
582,SCD/01/2021-2,433.57,SamdrupJongkhar Unit
583,SCD/01/2021-1,433.57,SamdrupJongkhar Unit
584,SCD/01/2021,433.57,SamdrupJongkhar Unit
585,D/185/2020,429.62,Gidakom Unit
586,SR/04/2021-1,959.69,Samtse Unit
587,SR/04/2021,959.69,Samtse Unit
588,KD/112/2020,395.69,Khotokha Unit
589,MTD/S60/2021,13.43,Lingmethang Unit
590,MTD/S55/2021,48.32,Lingmethang Unit
591,KKFMU/10/2020 (B),434.12,Khaling Kharungla Unit
592,KKFMU/06/2020,633.6,Khaling Kharungla Unit
593,GPR/04/2021,284.16,Gelephu Unit
594,RFMU/S01/2019(A),3.11,Rongmanchu Unit
595,RFMU/FS08/2021,3.11,Rongmanchu Unit
596,KD/04/2020,1236.15,Khotokha Unit
597,KD/120/2020,1036.61,Khotokha Unit
598,KD/09/2021,1400.38,Khotokha Unit
599,KD/03/2021,383.46,Khotokha Unit
600,KD/11/2021,1200.29,Khotokha Unit
601,KD/10/2021,1545.89,Khotokha Unit
602,KD/02/2021,518.27,Khotokha Unit
603,GDA/02/2021,384.57,Gasa Unit
604,GDA/01/2021,249.9,Gasa Unit
605,MTD/38/2021,532.08,Lingmethang Unit
606,KD/01/2021,1312.76,Khotokha Unit
607,D/152/2019,260.623024,Gidakom Unit
608,MTD/S27/2021,3.65,Lingmethang Unit
609,KKFMU/18/2020,712.08,Khaling Kharungla Unit
610,KKFMU/10/2020,524.57,Khaling Kharungla Unit
611,GPR/97/2020,272.07,Gelephu Unit
612,SJD/03/2021,333.71,SamdrupJongkhar Unit
613,WSC/BP/20/413-4,3.14,Ramtokto
614,SR/31/2020-1,1270.55,Samtse Unit
615,test lot,400,Zonglela Unit
616,Test 1,9,Khotokha Unit
617,MTD/14/2021,129.11,Lingmethang Unit
618,SR/24/2020,182.44,Samtse Unit
619,SR/27/2020,534.37,Samtse Unit
620,SR/28/2020,365.34,Samtse Unit
621,SR/29/2020,645.16,Samtse Unit
622,SR/30/2020,882.58,Samtse Unit
623,SR/33/2020,680.47,Samtse Unit
624,SR/36/2020,245.76,Samtse Unit
625,SR/37/2020,267.07,Samtse Unit
626,SR/39/2020,65.08,Samtse Unit
627,SR/32/2020-1,2111.26,Samtse Unit
628,SR/32/2020,2111.26,Samtse Unit
629,SR/31/2020,1270.55,Samtse Unit
630,KKFMU/12/2020,503.51,Khaling Kharungla Unit
631,KKFMU/13/2020,306.27,Khaling Kharungla Unit
632,MTD/125/2020,207.13,Lingmethang Unit
633,O/138/2020,350.17,Changkhaphu Unit
634,KFMU/35/2017(B),66.33,Korilla Unit
635,O/01/2021,542.4,Changkhaphu Unit
636,WSC/MC/2020/480(A),4.72,Ramtokto
637,wsc/mc/2020/480(b),4.72,Ramtokto
638,GAP/59/2020(A),699.95,Gasa Unit
639,KKFMU/16/2020,1225.25,Khaling Kharungla Unit
640,KKFMU/15/2020,965.75,Khaling Kharungla Unit
641,SJD/48/2020,23.18,SamdrupJongkhar Unit
642,UK/299/2020,318.45,Karshong Unit
643,SD/36/2020,831.73,Wangdue
644,MTD/108/2020,630.29,Lingmethang Unit
645,DFMU/04/2020-1,1868.28,Dongdeychu Unit
646,DFMU/04/2020,1868.28,Dongdeychu Unit
647,DFMU/06(A)/2020-1,55,Lingmethang Unit
648,DFMU/01/2020-2,1949.7,Dongdeychu Unit
649,DFMU/01/2020-1,1949.7,Dongdeychu Unit
650,SR/38(A)/2020,425.21,Samtse Unit
651,MTD/S117/2020,1.56,Lingmethang Unit
652,MTD/02/2020,318.44,Lingmethang Unit
653,KKFMU/09/2020,232.92,Khaling Kharungla Unit
654,O/122/2020,173.083333,Changkhaphu Unit
655,SR/03/2020(Logs)-1,73.83,Samtse Unit
656,SR/03/2020(Logs),73.83,Samtse Unit
657,UK/43/2019(B),0,Changkhaphu Unit
658,UK/43/2019(A),0,Changkhaphu Unit
659,DFMU/09/2020-2,26.44,Dongdeychu Unit
660,DFMU/03/2020-3,116.28,Dongdeychu Unit
661,DFMU/03/2020-2,116.28,Dongdeychu Unit
662,DFMU/09/2020-1,26.44,Dongdeychu Unit
663,DFMU/09/2020,89.43,Dongdeychu Unit
664,DFMU/03/2020-1,284.69,Dongdeychu Unit
665,DFMU/03/2020,284.69,Dongdeychu Unit
666,RH/11/2020 (Lhamozingkha ),93.32,Lhamozingkha Unit
667,CUP/2020/covid,516.51,Gedu Unit
668,MC/2020/covid,14905.11,Gedu Unit
669,LZ/09/2020,208.95,Lhamozingkha Unit
670,LZ/10/2020,56.27,Lhamozingkha Unit
671,O/126/2020,0,Changkhaphu Unit
672,GD/2020/08(B)1,282.33,Gedu Unit
673,GD/2020/08(A)-2,304.18,Gedu Unit
674,GD/2020/08(A)-1,304.18,Gedu Unit
675,GD/2020/08(A),304.18,Gedu Unit
676,KD/61/2020(A)-1,516,Khotokha Unit
677,KD/61/2020(A),516,Khotokha Unit
678,GPR/68/2020,627.67,Gelephu Unit
679,KKFMU/05/2020,501.28,Khaling Kharungla Unit
680,MTD/S196/2020,89.67,Lingmethang Unit
681,TD/181/2020,0,Rodungla Unit
682,O/30/2020,465.25,Changkhaphu Unit
683,Road/head/2020/03,45,Gedu Unit
684,lll,0,Gedu Unit
685,MhW/Covid,0,Gedu Unit
686,WSC/MHW/2020 (227),0,Ramtokto
687,wsc/mhw/2020/227(A),0,Ramtokto
688,TD/182/2020,0,Rodungla Unit
689,WSC/MHW/2020/227,0,Ramtokto
690,GAP/17/2020,0,Gasa Unit
691,PTD/11/2020 log,407.530007,Phuntsholing Unit
692,KEA/69/2020,105.93,Zhemgang Unit
693,O/119/2020,864.583333,Changkhaphu Unit
694,KEA/70/2020,221.72,Zhemgang Unit
695,DFMU/06(A)/2020,55,Lingmethang Unit
696,PTD/38/19,156.69,Khengzor Unit
697,WSC/BP/20/413-3,3.14,Ramtokto
698,WSC/BP/20/413-2,3.14,Ramtokto
699,WSC/BP/20/413-1,3.14,Ramtokto
700,SR/39' 2019-1,824.28,Samtse Unit
701,WSC/BP/20/413,3.14,Ramtokto
702,SCD/23/2020,23.873207,SamdrupJongkhar Unit
703,SCD/22/2020,42.971772,SamdrupJongkhar Unit
704,RH/10/2020,0,Phuntsholing Unit
705,PTD/03/2020,259.83554,Phuntsholing Unit
706,TDA/20/2019,1096.35,Rodungla Unit
707,GPR/41/2020-1,129.71,Gelephu Unit
708,GPR/42-1,1253.9,Gelephu Unit
709,GPR/42,1253.9,Gelephu Unit
710,GPR/41/2020,129.71,Gelephu Unit
711,D/139/2020,1002.677999,Gidakom Unit
712,TD/362/2019-1,168.41,Rodungla Unit
713,SCD/21/2020,1718.870886,SamdrupJongkhar Unit
714,TD/171/2020,2169.39,Rodungla Unit
715,WFD/FPES-11/2019/500(C),306.81,Changkhaphu Unit
716,TD/146/2020,992.92,Rodungla Unit
717,TD/362/2019,168.41,Rodungla Unit
718,D/06/2019,680.42,Gidakom Unit
719,Adhoc/27/2017,51.67,Zhemgang Unit
720,Adhoc/56'2019,449.96,Zhemgang Unit
721,Adhoc/53'2019,72.94,Zhemgang Unit
722,Adhoc/52'2019,429.24,Zhemgang Unit
723,Adhoc/49'2019-1,149.65,Zhemgang Unit
724,Adhoc/47'2019,43.71,Zhemgang Unit
725,Adhoc/40'2019,21.03,Zhemgang Unit
726,Adhoc/39/2019,33.13,Zhemgang Unit
727,Adhoc/38'2019,107.95,Zhemgang Unit
728,Adhoc/35/2019,101.86,Zhemgang Unit
729,Adhoc/33/2019,120.5,Zhemgang Unit
730,Adhoc/16/2019,161.5,Zhemgang Unit
731,Adhoc/01/2020,168.84,Zhemgang Unit
732,Adhoc/02/2020,551.62,Zhemgang Unit
733,Adhoc/03/2020,65.61,Zhemgang Unit
734,ZU/Adhoc/06/2020,102.76,Zhemgang Unit
735,Adhoc/07/2020,165.22,Zhemgang Unit
736,ZU/Adhoc/08/2020,74.33,Zhemgang Unit
737,Adhoc/11/2020,241.85,Zhemgang Unit
738,Adhoc/12/2020,307.69,Zhemgang Unit
739,Adhoc/13/2020,109.17,Zhemgang Unit
740,"Adhoc / 23, 2017",163.94,Zhemgang Unit
741,PTD/02/2020-1,25.15,Phuntsholing Unit
742,Adhoc/25/2019,271.03,Zhemgang Unit
743,D/122/2020,331.722222,Gidakom Unit
744,PTD/02/2020,0,Phuntsholing Unit
745,KEA/101/2020,0,Zhemgang Unit
746,SR// 33'2019,151.039479,Samtse Unit
747,SR/03/2020,83.12,Samtse Unit
748,GPD/85/2020(A),1265.62,Gogona Unit
749,JTD/25/2020,907.58,Khotokha Unit
750,JTD/24/2020,890.94,Khotokha Unit
751,JTD/23/2020,1564.9,Khotokha Unit
752,JTD/22/2020,2095.27,Khotokha Unit
753,JTD/21/2020,1040.11,Khotokha Unit
754,JTD/20/2020,1698.1,Khotokha Unit
755,GAP/47/2020(A)-1,849.32,Gogona Unit
756,GAP/47/2020(A),849.32,Gogona Unit
757,WSC/BP/20.32(A)-2,71.64,Ramtokto
758,WSC/BP/20.32(A)-1,71.64,Ramtokto
759,WSC/BP/20.32(A),71.64,Ramtokto
760,LZ/02/2020(B),351.95,Lhamozingkha Unit
761,LZ/03/2020,256.172771,Lhamozingkha Unit
762,LZ/02/2020 (A),157.614558,Lhamozingkha Unit
763,LZ/20/2019,348.31,Lhamozingkha Unit
764,LZ/17/2019,577.73,Lhamozingkha Unit
765,LZ/26/2019,30.33,Lhamozingkha Unit
766,LZ/05/2019,163.09,Lhamozingkha Unit
767,Test/01,1,Changkhaphu Unit
768,LZ/04/2019,0,Lhamozingkha Unit
769,LZ/02/2019,0,Lhamozingkha Unit
770,LZ/03/2019,0,Lhamozingkha Unit
771,LZ/01/2019,0,Lhamozingkha Unit
772,PTD/39/19,65.29,Khengzor Unit
773,KD/107/2019(A),103.4,Khotokha Unit
774,TAP/06/2020(A),34.04,Tsirang Unit
775,GPD/75/2020(B),38.67,Gogona Unit
776,TAP/07/2020(B),295.07,Tsirang Unit
777,TAP/07/2020 (A),196.7,Tsirang Unit
778,SJD/21/2020,200.7,SamdrupJongkhar Unit
779,SR/10/2020,81.47,Samtse Unit
780,SR/13/2020,340.568425,Samtse Unit
781,SR/ 54'2019-1,194.51,Samtse Unit
782,O/63/2020-1,466.651562,Changkhaphu Unit
783,O/63/2020,466.651562,Changkhaphu Unit
784,O/53/2020(C),104.06,Changkhaphu Unit
785,O/08/2020(B),413.47952,Changkhaphu Unit
786,DFMU/45/2019,380.15,Dongdeychu Unit
787,DFMU/46/2019,300.07,Dongdeychu Unit
788,DFMU/42/2019,63.56,Dongdeychu Unit
789,SR/27/2019-2,36.24,Phuntsholing Unit
790,SR/27/2019-1,36.24,Phuntsholing Unit
791,SR/ 57'2019-1,311.57,Samtse Unit
792,SR/ 52'2019,110.583788,Samtse Unit
793,WSC/MC/20/3758,1.67,Ramtokto
794,SR/ 44'2019,75.348704,Samtse Unit
795,SR/ 40'2019-1,89.52,Samtse Unit
796,SR/ 53'2019,117.638542,Samtse Unit
797,SR/43/2019-1,906.15,Samtse Unit
798,SR/50/2019,244.63,Samtse Unit
799,SR/48/2019-1,157.42,Samtse Unit
800,SR/ 48'2019,157.391852,Samtse Unit
801,SR/ 22'2019-1,72.77,Samtse Unit
802,WSC/TD-360-357-20/41,102816.5,Ramtokto
803,SCD/19/2020,121.35,SamdrupJongkhar Unit
804,PTD/06/2019,48.429452,Phuntsholing Unit
805,PTD/062020,73.972678,Phuntsholing Unit
806,PTD/04/2019-1,52.93,Phuntsholing Unit
807,WSC/TD-41-37/20/36(A)(A),1033.22,Ramtokto
808,PTD/07/2020,45.838215,Phuntsholing Unit
809,SR/ 43'2019,906.156193,Samtse Unit
810,PTD/04/2020- B,8.578881,Phuntsholing Unit
811,PTD/04/2020-1,315.319746,Phuntsholing Unit
812,SCD/16/2020,807.45,Khengzor Unit
813,SR/ 10'2019-1,18,Samtse Unit
814,SR/ 10'2019,18.046929,Samtse Unit
815,SR/ 23'2019,323.416742,Samtse Unit
816,SR/ 25'2019,96.616857,Samtse Unit
817,SR/ 26'2019,202.020933,Samtse Unit
818,SR/ 27'2019,36.274564,Samtse Unit
819,SR/ 32'2019,16.35812,Samtse Unit
820,SR/ 37'2019,354.952033,Samtse Unit
821,SR/ 36'2019,114.054245,Samtse Unit
822,SR/ 40'2019,89.526736,Samtse Unit
823,SR/ 34'2019,10.569973,Samtse Unit
824,SR/ 20'2019,128.638889,Samtse Unit
825,SR/ 21'2019,49.361111,Samtse Unit
826,SR/ 22'2019,72.763889,Samtse Unit
827,SR/ 45'2019,600.388492,Samtse Unit
828,SR/ 46'2019,116.038706,Samtse Unit
829,SR/ 47'2019,124.270833,Samtse Unit
830,SR/ 51'2019,224.949712,Samtse Unit
831,SR/ 54'2019,194.515794,Samtse Unit
832,SR/ 56'2019,90.891708,Samtse Unit
833,SR/27/2019,36.274564,Phuntsholing Unit
834,SR/24'2019,77.801233,Samtse Unit
835,SR/39' 2019,824.215831,Samtse Unit
836,SR/42'2019,578.551692,Samtse Unit
837,SR/48/2019,157.42,Samtse Unit
838,UK/143/2020-1,2313.25,Karshong Unit
839,RFMU/S10/2020,52.4,Rongmanchu Unit
840,RFMU/S9/2020,67.66,Rongmanchu Unit
841,DFMU/47S/19 (1),22.42,Dongdeychu Unit
842,DFMU/06/2018,0,Dongdeychu Unit
843,DFMU/16/17-a,17.32,Dongdeychu Unit
844,UK/143/2020,2313.25,Karshong Unit
845,KFMU/55/2014-1,65.96,Korilla Unit
846,KFMU/55/2014,65.96,Korilla Unit
847,Ad-Yon/47/2019,896.130551,Khaling Kharungla Unit
848,KFMU/28/2019,65.91,Korilla Unit
849,RFMU/s27/2020,6.7,Rongmanchu Unit
850,RFMU/26/2020-1,40.37,Rongmanchu Unit
851,RFMU/24/2020,9.24,Rongmanchu Unit
852,RFMU/23/2020,17.48,Rongmanchu Unit
853,RFMU/s29/2020,40.78,Rongmanchu Unit
854,NTD/3/2020,0,Nganglam Unit
855,NTD/2/2020,0,Nganglam Unit
856,SCD/03/2020,48.05,SamdrupJongkhar Unit
857,WFD/FPES-11/2019/500(B),21.88,Gogona Unit
858,BD/08/2019,239.74,Wangdue
859,GPD/73/2020,1149.65,Gogona Unit
860,TAP/05/2020,481.35,Tsirang Unit
861,O/66/2020(A),232.575875,Changkhaphu Unit
862,O/57/2020,1026.25,Changkhaphu Unit
863,GPD/59/2020(B),90.18,Gogona Unit
864,GAP-05/2020-1,115.546321,Gasa Unit
865,GAP-05/2020,115.546321,Gasa Unit
866,JTD/07/2020,2272.7,Khotokha Unit
867,PTD/37/2018,732.69,Khengzor Unit
868,DFMU/01/2020,1494.7,Dongdeychu Unit
869,O/198/2019(B),125.23,Changkhaphu Unit
870,O/64/2020(A),57.89,Gidakom Unit
871,O/64/2020(B),180.76,Gidakom Unit
872,MTD/s-126/2020,250.28,Lingmethang Unit
873,GPR/17/2020,81.23,Gelephu Unit
874,DFMU/Ad-hoc/16/2020,352,Dongdeychu Unit
875,DFMU/Ad-hoc/15/2020,80.63,Dongdeychu Unit
876,D/81-1/2020,125.608988,Gidakom Unit
877,D/81/2020,0,Gidakom Unit
878,UK/91/2020-1,2415.68,Karshong Unit
879,WSC/BP/20/331,95.37,Ramtokto
880,UK/95/2020,189.98,Karshong Unit
881,UK/91/2020,2415.68,Karshong Unit
882,UK/13/2020,590.33,Karshong Unit
883,Kkfmu/17(1)/2019,172.277778,Khaling Kharungla Unit
884,kkfmu/09/2019,219.055556,Khaling Kharungla Unit
885,TDA/16/2019,477.44,Rodungla Unit
886,UK/20/2020,1741.53,Karshong Unit
887,GPD/62/2020,981.9,Gogona Unit
888,SJD/23/2020-1,55.020833,SamdrupJongkhar Unit
889,SJU/21/2020,111.597222,SamdrupJongkhar Unit
890,SJD/23/2020,55.020833,SamdrupJongkhar Unit
891,NTD/15/2020-1,189.3,Nganglam Unit
892,NTD/15/2020,189.3,Nganglam Unit
893,Adhoc/11/2019,167.5,Zhemgang Unit
894,Adhoc/20/2019,115.42,Zhemgang Unit
895,Adhoc/19/2019,68.99,Zhemgang Unit
896,KEA/41/2020,871.16,Zhemgang Unit
897,UK/101/2020,1234.83,Karshong Unit
898,UK/71/2020,414.88,Karshong Unit
899,UK/65/2020,1049.56,Karshong Unit
900,UK/05/2020-1,172.43,Karshong Unit
901,UK/06/2020,1080.76,Karshong Unit
902,NTD/08/2020,55.89,Nganglam Unit
903,Ad/21/2019,196.17,Trongsa Unit
904,"Ad/21,2019",756.700347,Trongsa Unit
905,WSC/MC/20/271,1.24,Ramtokto
906,O/16/2020,533.666667,Changkhaphu Unit
907,MTD/S53/2020,186.42,Lingmethang Unit
908,RFMU/26/2020,40.37,Rongmanchu Unit
909,PG/30-2,161.01,Khengzor Unit
910,PG/30-1,161.01,Khengzor Unit
911,PG/30,161.01,Khengzor Unit
912,MTD/S49/2020-1,1101.28,Lingmethang Unit
913,MTD/12/2020,95.098256,Lingmethang Unit
914,MTD/S49/2020,13.74,Lingmethang Unit
915,KD/56/2020 (A),373.11,Khotokha Unit
916,GPD/04/2020 B-2,17.58,Gogona Unit
917,MTD/542020-1,666.96,Lingmethang Unit
918,MTD/542020,666.96,Lingmethang Unit
919,GPD/04/2020 B-1,17.53,Gogona Unit
920,JTD/04/2020 (A),20.628219,SamdrupJongkhar Unit
921,JTD/04/2020,20.628219,Nganglam Unit
922,O/56/2019(B),310.99,Changkhaphu Unit
923,O/198/2019(A),305.28,Changkhaphu Unit
924,SD/23/2020-1,12.98,Wangdue
925,SD/09/2020 (A)-1,306.06,Wangdue
926,SD/09/2020 (A),316.06,Wangdue
927,SD/23/2020,12.98,Wangdue
928,SD/45/2020,45.36,Wangdue
929,SD/53/2020,136.24,Khotokha Unit
930,KD/15/2020,1126,Khotokha Unit
931,KD/19/2020,1025.47,Khotokha Unit
932,DWBI/ST/30/2019,322.97,Wangdue
933,PTD/04/2020,323.898627,Phuntsholing Unit
934,KD/105/2019(B)-1,108.19,Khotokha Unit
935,KD/105/2019(B),367.93,Khotokha Unit
936,KD/105/2019(A)-1,706.94,Khotokha Unit
937,KD/103/2019(B),1343.58,Khotokha Unit
938,KD/100/2019(B)-1,588.35,Khotokha Unit
939,KD/100/2019(A),514.96,Khotokha Unit
940,O/45/2020,113.856407,Changkhaphu Unit
941,GPD/35/2020 (A),2080.85,Gogona Unit
942,GPD/35/2020 (B),7.36,Gogona Unit
943,GPD/130/2019 A,1290.19,Gogona Unit
944,TAP/02/2020 (Sunkosh),508.29,Tsirang Unit
945,KD/101/2019(B),1155.27,Khotokha Unit
946,KD/101/2019(A),88.89,Khotokha Unit
947,KD/25/2020(B),122.03,Khotokha Unit
948,KD/25/2020(A),1123.91,Khotokha Unit
949,KD/22/2020,1209.18,Khotokha Unit
950,KD/18/2020(A),1325.2,Khotokha Unit
951,KD/18/2020(B),10.61,Khotokha Unit
952,KD/17/2020,1117.91,Khotokha Unit
953,KD/11/2020,1040.03,Khotokha Unit
954,KD/94/2019(A)-1,947.97,Khotokha Unit
955,KD/94/2019(B)-1,17.52,Khotokha Unit
956,PTD/05/20,318.788545,Nganglam Unit
957,Cd-Ad/13/2020,7197.41,Dawathang Unit
958,Cd-Ad/13B/2020,3590.27,Dawathang Unit
959,UK/27/2020,926.73,Karshong Unit
960,UK/23/2020,1026.26,Karshong Unit
961,TD/03/2019,416.7,Tsirang Unit
962,TD/01/2019 (B),16.17,Tsirang Unit
963,TD/04/2019 (b),148.25,Tsirang Unit
964,O/10/2020(A)-1,283.364464,Changkhaphu Unit
965,O/10/2020(A),283.364464,Changkhaphu Unit
966,PTD/03/20-5,69.156038,Nganglam Unit
967,PTD/03/20-4,69.156038,Nganglam Unit
968,PTD/03/20-3,69.156038,Nganglam Unit
969,PTD/03/20-2,69.156038,Nganglam Unit
970,PTD/03/20-1,69.156038,Nganglam Unit
971,PTD/04/20,315.225801,Nganglam Unit
972,PTD/03/20,418.510577,Nganglam Unit
973,UK/05/2020,172.42,Karshong Unit
974,MTD/16/2020,636.79,Lingmethang Unit
975,KFMU/09/2020,104,Korilla Unit
976,GPD/04/2020 B,17.58,Gogona Unit
977,D/07/2020,204.40625,Gidakom Unit
978,MTD/18/2020,622.25,Khaling Kharungla Unit
979,RFMU/14-2,45.28,Rongmanchu Unit
980,RFMU/14-1,45.28,Rongmanchu Unit
981,RFMU/14,45.28,Rongmanchu Unit
982,GDP/68/2019,1005.55,Gogona Unit
983,GPD/85 B/2019,25.136497,Gogona Unit
984,GPD/85 C /2019,25.096709,Gogona Unit
985,GPD/06/2020-1,528.96,Gogona Unit
986,GPD/07/2020-1,369.85,Gogona Unit
987,GPD/08/2020-1,364.04,Gogona Unit
988,GPD/09/2020-1,357.42,Gogona Unit
989,GPD/09/2020,357.42,Gogona Unit
990,GPD/08/2020,364.04,Gogona Unit
991,GPD/07/2020,369.85,Gogona Unit
992,GPD/06/2020,528.96,Gogona Unit
993,O/11/2020,366.31,Changkhaphu Unit
994,O/12/2020,809.88,Changkhaphu Unit
995,SD/06/2020,151.71,Wangdue
996,KD/21/2019,1128.38,Khotokha Unit
997,KD/105/2019(A),0,Khotokha Unit
998,KD/86/2019(A),0,Khotokha Unit
999,KD/81/2019(B),934.94,Khotokha Unit
1000,KD/63/2019,911.257433,Khotokha Unit
1001,kd/112/2019(A),498.94,Khotokha Unit
1002,KD/112/2019(B),157.63,Khotokha Unit
1003,RFMU/05/2020,118.117111,Rongmanchu Unit
1004,PG/02/2020,26.287053,Khengzor Unit
1005,PG/03/202,253.928027,Khengzor Unit
1006,GPR/43/2019,87.91,Gelephu Unit
1007,KD/81/2019(A),0,Khotokha Unit
1008,KD/83/2019(A),0,Khotokha Unit
1009,KD/85/2019(B),0,Khotokha Unit
1010,KD/88/2019(A),0,Khotokha Unit
1011,KD/90/2019(B),0,Khotokha Unit
1012,KD/94/2019(B),0,Khotokha Unit
1013,KD/94/2019(A),0,Khotokha Unit
1014,KD/99/2019(A),0,Khotokha Unit
1015,KD/99/2019(B),803.91,Khotokha Unit
1016,KD/100/2019(B),0,Khotokha Unit
1017,KD/102/2019(B),0,Khotokha Unit
1018,KD/80/2019(A),1321.47,Khotokha Unit
1019,KD/80/2019(B),858.84,Khotokha Unit
1020,KD/77/2019(B),0,Khotokha Unit
1021,KD/82/2019 (b),26.43,Khotokha Unit
1022,GPD/108/2019,1396.02,Gogona Unit
1023,SJD/08/2010,21.732355,SamdrupJongkhar Unit
1024,GPR/01/2020-1,212.49,Gelephu Unit
1025,GPR/02/2020,394.7,Gelephu Unit
1026,GPR/01/2020,423.99,Gelephu Unit
1027,TD/355/3019,1476.76,Rodungla Unit
1028,WSC/BPB/19/229,0,Ramtokto
1029,WSC/,2.44,Ramtokto
1030,SR/ 57'2019,311.559164,Samtse Unit
1031,D/140/2019-1,793.763889,Gidakom Unit
1032,D/125/2019,701.515838,Gidakom Unit
1033,CD/176/2019,906.710471,Dawathang Unit
1034,KFMU/65/2017(G),95.54,Korilla Unit
1035,KFMU/53/17(E),29.67,Korilla Unit
1036,KFMU/17/2018 (C),40.45,Korilla Unit
1037,KD/19/2019 (a),999.85,Khotokha Unit
1038,KD/51/2019,1094.74,Khotokha Unit
1039,KD/54/2019,1006.22,Khotokha Unit
1040,UK/65/2019-1,368.41,Karshong Unit
1041,UK/60/2019-1,1060.74,Karshong Unit
1042,UK/65/2019,368.41,Karshong Unit
1043,UK/60/2019,1060.74,Karshong Unit
1044,DFMU/11/18-c,419.92,Dongdeychu Unit
1045,PDA-09/2019 (a),83.59,Gasa Unit
1046,PDA/09/2019 (b),773.22,Gasa Unit
1047,BD/04/2019 (a),129.9,Wangdue
1048,BD/04/2019 (b),104.73,Wangdue
1049,BD/07/2019 (d),126,Wangdue
1050,BD/07/2019 (c),101.55,Wangdue
1051,SR/43/2019,906.15,Samtse Unit
1052,O/168/19(B),589.68,Changkhaphu Unit
1053,O/81/2019,403.27,Changkhaphu Unit
1054,O/136/19,93595,Changkhaphu Unit
1055,KFMU/53/17(D),10.83,Korilla Unit
1056,O/114/19(B),374.54,Changkhaphu Unit
1057,O/114/19-1,374.54,Changkhaphu Unit
1058,0/111/19,254.9,Changkhaphu Unit
1059,O/111/19(B),192.69,Changkhaphu Unit
1060,O/114/19,1265.54,Changkhaphu Unit
1061,BD/03/2019 (a),187.07,Wangdue
1062,KFMU/17/2018,10.83,Korilla Unit
1063,BD/03/2019 (b),27.51,Wangdue
1064,DWBI/ST/63/2019,77.35,Wangdue
1065,RFMU/18/17(C),309.93,Rongmanchu Unit
1066,KST/02/2019,1024.38,Khotokha Unit
1067,Adhoc/49'2019,149.65,Zhemgang Unit
1068,TD/22/2018 (a),163.15,Tsirang Unit
1069,TD/22/2018 (b),1147.1,Tsirang Unit
1070,GPD/55/2019 (a),890.33,Gogona Unit
1071,PGD/69/2019,2081.8,Gogona Unit
1072,KFMU/20/2019-1,70.17,Korilla Unit
1073,KFMU/20/2019,70.17,Korilla Unit
1074,GPD/69/2019,2081.8,Gogona Unit
1075,GPD/58/2019 (A),1241.98,Gogona Unit
1076,GPD/66/2019 (a),1445.66,Gogona Unit
1077,GPD/66/2019 (b),69.29,Gogona Unit
1078,NTD/19 and 20/2019,928.59,Nganglam Unit
1079,NTD/19-20/2019,928.59,Nganglam Unit
1080,PTD: 03/2019,0,Nganglam Unit
1081,PTD.05/2019,0,Nganglam Unit
1082,D/140/2019,748.027778,Gidakom Unit
1083,SJU/20/2019,66.169124,SamdrupJongkhar Unit
1084,Lot No 62/2019,1046.908641,Khotokha Unit
1085,KD/56/2019(a)-1,713.35,Khotokha Unit
1086,KD/56/2019-1,316.75,Khotokha Unit
1087,KD/56/2019(c),15.79,Khotokha Unit
1088,KD/61/2019,1282.590796,Khotokha Unit
1089,kfmu/38/(A)2016(B),116.65,Korilla Unit
1090,KFMU/38(A)2016,797.13,Korilla Unit
1091,KFMU/67/2017(B),110.65,Korilla Unit
1092,KFMU/38(A)2017,797.13,Korilla Unit
1093,WSC/MCB/19/424,58.7,Ramtokto
1094,KD/71/2019 (a),907.31,Khotokha Unit
1095,test,151.440129,Lingmethang Unit
1096,MTD/21/19,72.55,Lingmethang Unit
1097,MTD/S75/2019,4.25,Lingmethang Unit
1098,MTD/31/2019,647.81,Lingmethang Unit
1099,MTD/S66/2019-1,2,Lingmethang Unit
1100,MTD/S66/2019,2,Lingmethang Unit
1101,GPD/66/2019,250.26,Gogona Unit
1102,WSC/BPB/19/410,1.51,Ramtokto
1103,WSC-1,271.78,Ramtokto
1104,WSC,271.78,Ramtokto
1105,WSC/SG/19(12),620.87,Ramtokto
1106,WSC/BPB/19/360-1,413.62,Ramtokto
1107,PTD/11/2018-2,72,Khengzor Unit
1108,PTD/11/2018-1,72,Khengzor Unit
1109,PTD/11/2018,72,Khengzor Unit
1110,PTD/08/2018,211.13,Khengzor Unit
1111,PTD/10/2018,229,Khengzor Unit
1112,GPR-1,480.07,Gelephu Unit
1113,GPR,480.07,Gelephu Unit
1114,WSC/BPB/19/360,0,Ramtokto
1115,WSC/BPB/19/359,221.46,Ramtokto
1116,DWBI/ST/50/2019,322.97,Wangdue
1117,PDA/Stump-03/2019,114.6,Gasa Unit
1118,"Ad/19,2019",1129.631513,Chendebji Unit
1119,GPD/104/2019,1618.9,Gogona Unit
1120,KFMU/67/2017,797.13,Korilla Unit
1121,O/73/19(B),267.86,Changkhaphu Unit
1122,KFMU/37/2016 (B),140.16,Korilla Unit
1123,KFMU/37/2016,508.25,Korilla Unit
1124,CD/120/2019,0,Dawathang Unit
1125,GPD/36/2019 (C),55.176949,Gogona Unit
1126,GPD/19/2019 (B),61.34972,Gogona Unit
1127,GPD/19/2019,952.092774,Gogona Unit
1128,GPD/49/2019 (A),958.731404,Gogona Unit
1129,GPD/29/2019 (c),36.56,Gogona Unit
1130,GPD/68/2019 (b),8.49,Gogona Unit
1131,KFMU/55/17(B),55.23,Korilla Unit
1132,GPD/28/2019 (b),33.43,Gogona Unit
1133,KD/55/2019-1,1793.23,Khotokha Unit
1134,KD/55/2019,1793.23,Khotokha Unit
1135,GPD/85 A/2019,1211.690135,Gogona Unit
1136,KD/56/2019,316.75,Khotokha Unit
1137,KD/56/2019(a),1188.58,Khotokha Unit
1138,TD-212-2019,1454.88,Rodungla Unit
1139,TD/212/2019,1032.75,Rodungla Unit
1140,KFMU/14/2019-2,933.65,Korilla Unit
1141,KFMU/14/2019-1,933.65,Korilla Unit
1142,KFMU/13/2019-2,933.65,Korilla Unit
1143,KFMU/13/2019-1,933.65,Korilla Unit
1144,KFMU/11/2019,333.65,Korilla Unit
1145,KFMU/13/2019,120,Korilla Unit
1146,KFMU/14/2019,120,Korilla Unit
1147,GPD/04/2019 (b),56.37,Gogona Unit
1148,KD/115/2018-2,590.81,Khotokha Unit
1149,KD/115/2018-1,590.81,Khotokha Unit
1150,DFMU/nil/2019,18.4,Dongdeychu Unit
1151,DFMU/24/2019,18.429342,Dongdeychu Unit
1152,KD/115/2018,590.81,Khotokha Unit
1153,RDK/22/2019,638.33,Karshong Unit
1154,RFMU/A/2019,92.98,Rongmanchu Unit
1155,MTD/S47/19-1,87.85,Lingmethang Unit
1156,MTD/S47/19,87.85,Lingmethang Unit
1157,WSC/BPB/19/201,37.29,Ramtokto
1158,O/131/19,886.12,Changkhaphu Unit
1159,O/131/19(B),419.52,Changkhaphu Unit
1160,0/57/2019,335.72,Changkhaphu Unit
1161,O/55/2019,515.16,Changkhaphu Unit
1162,O/53/2019,308.93,Changkhaphu Unit
1163,O/54/2019,432.73,Changkhaphu Unit
1164,O/10/19-1,414.5,Changkhaphu Unit
1165,O/10/19,414.5,Changkhaphu Unit
1166,TD/165/2019,1786.446982,Rodungla Unit
1167,O/112/19,272,Changkhaphu Unit
1168,O/112/19(B),185.07,Changkhaphu Unit
1169,CD/94/2019,557712.2483,Dawathang Unit
1170,RDK/28/2019,0,Karshong Unit
1171,WSC/19/SG/19/38,71.34,Ramtokto
1172,NTD/10/19,0,Nganglam Unit
1173,NTD/10.19,0,Nganglam Unit
1174,NTD/010/2019,0,Nganglam Unit
1175,"Ad/18,2017",338.6,Trongsa Unit
1176,"Ad/07,2018",224.81,Trongsa Unit
1177,"Ad/05,2018",186.25,Chendebji Unit
1178,"AD/10,2019-1",291.118056,Chendebji Unit
1179,"Ad/04,2018-1",141.72,Chendebji Unit
1180,GPR/41/2019,400.831141,Gelephu Unit
1181,Ad-yon/36/19-2,199.394328,Khaling Kharungla Unit
1182,Ad-yon/36/19-1,0,Khaling Kharungla Unit
1183,KKFMU/05(a)/19,0,Khaling Kharungla Unit
1184,"AD/10,2019",291.118056,Chendebji Unit
1185,"Ad/04,2018",141.72,Chendebji Unit
1186,"AD/09,2019",181.1,Chendebji Unit
1187,"AD/08,2019",75.027778,Chendebji Unit
1188,"AD/11,2019",190.986111,Chendebji Unit
1189,TDA/09/19,862.78,Rodungla Unit
1190,TDA/02/2019-1,1635.24,Rodungla Unit
1191,TDA/02/2019,1635.24,Rodungla Unit
1192,TD.03.2019,1233.361701,Rodungla Unit
1193,RFMU/18/17(D),0,Rongmanchu Unit
1194,Adhoc / 69'2018,68.56,Zhemgang Unit
1195,CD/Ad-02/2019-1,913.365127,Dawathang Unit
1196,CD/Ad-01/2019,1094.753973,Dawathang Unit
1197,CD/Ad-03/2019-1,615.550189,Dawathang Unit
1198,CD/Ad-04/2019,1076.784412,Dawathang Unit
1199,CD/Ad-05/2019,1219.59924,Dawathang Unit
1200,CD/Ad-06/2019,795.921108,Dawathang Unit
1201,TD/03/2019(A)-1,1081.61,Rodungla Unit
1202,TD/03/2019(A),1233.36,Rodungla Unit
1203,CD/Ad-03/2019,3770.651982,Dawathang Unit
1204,TD/132/2018,293.18,Rodungla Unit
1205,TD/119/2018,1016.96,Rodungla Unit
1206,TD/110/2018,1306.08,Rodungla Unit
1207,TD/105/2018,862.41,Rodungla Unit
1208,TD/103/2018,714.13,Rodungla Unit
1209,TD/83/2018,886.3,Rodungla Unit
1210,CD/Ad-02/2019,8182.538297,Dawathang Unit
1211,RADH/15/2018,4602.4,Karshong Unit
1212,RADH/12/2019,919,Karshong Unit
1213,TD/33/2019,390.25,Rodungla Unit
1214,TD/36/2019,1479.07,Rodungla Unit
1215,TD/39/2019,653.01,Rodungla Unit
1216,TD/46/2019,1096.13,Rodungla Unit
1217,TD/54/2019,1258.74,Rodungla Unit
1218,TD/58/2019,643.49,Rodungla Unit
1219,TD/40/2019,1299.16,Rodungla Unit
1220,TD/48/2019,1470.57,Rodungla Unit
1221,TD/50/2019,671.2,Rodungla Unit
1222,TD/55/2019,1270.37,Rodungla Unit
1223,TD/64/2019,1041.49,Rodungla Unit
1224,TD/51/2019,1476.93,Rodungla Unit
1225,TD/43/2019,1138.45,Rodungla Unit
1226,TD/47/2019,876.35,Rodungla Unit
1227,TD/44/2019,1154.45,Rodungla Unit
1228,TD/42/2019,1261.93,Rodungla Unit
1229,TD/38/2019,644.44,Rodungla Unit
1230,TD/06/2019,122.097084,Rodungla Unit
1231,TD/35/2019,1249.89,Rodungla Unit
1232,TD/34/2019,1428.24,Rodungla Unit
1233,DWBI/ST/997/2019,66.54,Wangdue
1234,RDK/19/2019,1086.468534,Karshong Unit
1235,Ad-yon/36/19,0,Khaling Kharungla Unit
1236,TD/05/2019,0,Rodungla Unit
1237,RDK/03/2019,0,Karshong Unit
1238,TD.04.2019,0,Rodungla Unit
1239,TD/02/20`9,615.610425,Rodungla Unit
1240,"TD/01,2019",716.37,Rodungla Unit
1241,DFMU/17/2019,25.783063,Dongdeychu Unit
1242,CD/27/19(B),266.91,Changkhaphu Unit
1243,NTD/2/2019,0,Nganglam Unit
1244,NTD/03/2019,0,Nganglam Unit
1245,NTD/5/19,0,Nganglam Unit
1246,PTD/02/2019,0,Nganglam Unit
1247,CD/02/19(A)-1,537.93,Changkhaphu Unit
1248,CD/02/19(A),537.93,Changkhaphu Unit
1249,TD/191/18(C),522.46,Changkhaphu Unit
1250,SJU/02/2019,100,SamdrupJongkhar Unit
1251,TD/210/18 (A0,100.64,Changkhaphu Unit
1252,SJU/5/2019-1,103.03,SamdrupJongkhar Unit
1253,SJU/5/2019,103,SamdrupJongkhar Unit
1254,TD/155/8-1,142.14,Changkhaphu Unit
1255,TD/155/8,142.14,Changkhaphu Unit
1256,D/19/2019,789.405712,Gidakom Unit
1257,D/30/2019,805.08,Gidakom Unit
1258,D/18/2019,737.694246,Gidakom Unit
1259,D/16/2019,760.897124,Gidakom Unit
1260,TD/198/18 (A),348.82,Changkhaphu Unit
1261,DWBI/ST/03/2019,105.96,Wangdue
1262,DWBI/ST/54/2019,105.96,Wangdue
1263,DWBI/ST/80/2019,282.56,Wangdue
1264,KFMU/09/2019,116.6,Korilla Unit
1265,DWBI/ST-01/2019-1,36.33,Wangdue
1266,DWBI/ST-01/2019,31.83,Wangdue
1267,O/97/19,401.49,Changkhaphu Unit
1268,TD/189/18,392.4,Changkhaphu Unit
1269,O/285/18,177.22,Gidakom Unit
1270,0/56/2019,403.87,Changkhaphu Unit
1271,SCD/11/2019,81.67,SamdrupJongkhar Unit
1272,O/42/2019,1147.43,Changkhaphu Unit
1273,GD/2019/09(Pole),138.2,Gedu Unit
1274,O/64/2019(B)-1,267.86,Changkhaphu Unit
1275,O/64/2019,108.03,Changkhaphu Unit
1276,O/64/2019(B),267.86,Changkhaphu Unit
1277,G/7/2018,956.43,Gedu Unit
1278,GD/2019/01B,934.5,Gedu Unit
1281,O/86/2019,393.89,Changkhaphu Unit
1282,LZ/08/2018,22.8,Lhamozingkha Unit
1283,LZ/16/2018,399.76,Lhamozingkha Unit
1284,SR/61'B'/2018-1,43.13,Samtse Unit
1285,SR/61'A'/2018-1,87.95,Samtse Unit
1286,SR/58'B'/2018,254.15,Samtse Unit
1287,SR/58'A'/2018-1,283.59,Samtse Unit
1288,SR/58'A'/2018,283.59,Samtse Unit
1289,SR/07/2019,313.67,Samtse Unit
1290,SR/18/2019P,158.2,Samtse Unit
1291,SR/18/2019L-1,169.06,Samtse Unit
1292,SR/16/2019-1,262.86,Samtse Unit
1293,SR/16/2019,262.86,Samtse Unit
1294,SR/12/2019,83.1,Samtse Unit
1295,SR/11/2019,43.91,Samtse Unit
1296,SR/05/2019,58.97,Samtse Unit
1297,SR/14/2017P,76.79,Samtse Unit
1298,SR/14/2017L,12.55,Samtse Unit
1299,SR/61'B'/2018,43.13,Samtse Unit
1300,SR/61'A'/2018,87.95,Samtse Unit
1301,SR/18/2019L,169.06,Samtse Unit
1302,O/28/2019,9511.93,Changkhaphu Unit
1303,SR/56/16-1,21.05,Samtse Unit
1304,SR/56/16,21.05,Samtse Unit
1305,TD/01/2019,175,Gedu Unit
1306,o/09/2019,317.434853,Changkhaphu Unit
1307,O/10/2019,191.17,Changkhaphu Unit
1308,o/23/2019,123.186852,Changkhaphu Unit
1309,O/24/2019,26.625257,Changkhaphu Unit
1310,O/01/2019,341.83,Changkhaphu Unit
1311,O/03/2019,327.03,Changkhaphu Unit
